{"P051": {"pinhole4": {"error": 0.0002726238653411317, "x": 54.10515186, "y": 32.205165019999995, "z": -0.47441629999999985}, "pinhole3": {"error": 0.0008848939994112737, "x": 55.07100989999999, "y": 31.954274599999998, "z": -0.48679907999999983}, "pinhole2": {"error": 2.6626007762375892e-05, "x": 53.13551622, "y": 32.45695294, "z": -0.48402797999999986}, "pinhole1": {"error": 0.0001816621699993748, "x": 54.615616579999994, "y": 33.064072859999996, "z": -0.4951200599999998}, "center": {"x": 54.231823639999995, "y": 32.420116355000005, "z": -0.4850908549999998}, "petal_id": 3, "device_loc": 11}, "P083": {"pinhole4": {"error": 0.007855393425286794, "x": 153.14704902, "y": 41.353989139999996, "z": -2.76742192}, "pinhole2": {"error": 0.0021683547668338576, "x": 154.04510198, "y": 40.93105456, "z": -2.80234642}, "pinhole3": {"error": 0.00015495743780380433, "x": 152.2508019, "y": 41.805965220000004, "z": -2.7651832}, "pinhole1": {"error": 0.0012748789147991602, "x": 152.47424374000002, "y": 40.62703194, "z": -2.76332976}, "center": {"x": 152.97929915999998, "y": 41.179510215, "z": -2.7745703249999996}, "petal_id": 3, "device_loc": 75}, "P100": {"pinhole4": {"error": 0.001368216368378472, "x": 241.71324108, "y": 14.257853740000002, "z": -6.5394798}, "pinhole2": {"error": 0.0017633630510116571, "x": 242.7000979, "y": 14.23306436, "z": -6.588876600000001}, "pinhole3": {"error": 0.00503391115307017, "x": 240.69914491999998, "y": 14.28802386, "z": -6.50044344}, "pinhole1": {"error": 0.00045780035757803095, "x": 241.39418296, "y": 13.308517079999998, "z": -6.5281327000000005}, "center": {"x": 241.62666671499997, "y": 14.02186476, "z": -6.539233135}, "petal_id": 3, "device_loc": 150}, "P037": {"pinhole4": {"error": 0.000456218078370485, "x": 215.56896626000002, "y": 149.74497088000004, "z": -7.67589916}, "pinhole1": {"error": 0.00023487499475594031, "x": 216.56740073999998, "y": 149.76413503999999, "z": -7.735394099999999}, "pinhole2": {"error": 0.0027563751210042398, "x": 215.27034166000004, "y": 150.69557903999998, "z": -7.71597628}, "pinhole3": {"error": 0.000388331641859585, "x": 215.86644706, "y": 148.79000998, "z": -7.670374939999999}, "center": {"x": 215.81828893000002, "y": 149.748673735, "z": -7.69941112}, "petal_id": 3, "device_loc": 239}, "P031": {"pinhole4": {"error": 0.0001545909055567507, "x": 304.16450432, "y": 86.37394803999999, "z": -11.14785888}, "pinhole2": {"error": 0.000210947758323643, "x": 305.11516824, "y": 86.67953813999999, "z": -11.24297752}, "pinhole3": {"error": 0.002288748966464471, "x": 303.2177078, "y": 86.06941276, "z": -11.09977212}, "pinhole1": {"error": 0.000803847703299998, "x": 304.19338796, "y": 85.37387806000001, "z": -11.14701346}, "center": {"x": 304.17269208000005, "y": 86.12419425000002, "z": -11.159405494999998}, "petal_id": 3, "device_loc": 321}, "P121": {"pinhole4": {"error": 0.001286266162782268, "x": 409.38684933999997, "y": 14.172545659999997, "z": -19.01112124}, "pinhole3": {"error": 0.0009202460288870729, "x": 409.66240698, "y": 15.133436320000001, "z": -19.05772948}, "pinhole1": {"error": 6.837888464328312e-05, "x": 408.54657746, "y": 14.706377380000001, "z": -18.93288328}, "pinhole2": {"error": 0.0010357075207334532, "x": 409.11233296, "y": 13.209456, "z": -18.98988358}, "center": {"x": 409.177041685, "y": 14.305453839999998, "z": -18.997904395}, "petal_id": 3, "device_loc": 439}, "P007": {"pinhole4": {"error": 0.0035845656918646607, "x": 404.1750482599999, "y": 59.255508999999996, "z": -18.85422726}, "pinhole3": {"error": 9.618937310995612e-05, "x": 403.4040371, "y": 59.89253432, "z": -18.7897038}, "pinhole1": {"error": 0.0017359249451947, "x": 403.34565022, "y": 58.69415416, "z": -18.770071339999998}, "pinhole2": {"error": 0.00020576630474122837, "x": 404.93494208000004, "y": 58.61439942, "z": -18.950996800000002}, "center": {"x": 403.96491941499994, "y": 59.11414922499999, "z": -18.8412498}, "petal_id": 3, "device_loc": 482}, "P006": {"pinhole4": {"error": 0.0014881542436666617, "x": 393.84539366, "y": 113.31512828, "z": -18.980970059999997}, "pinhole2": {"error": 0.014210981421510782, "x": 392.97134698, "y": 113.82599418, "z": -18.931141439999998}, "pinhole1": {"error": 0.0055168837175930685, "x": 394.57266444, "y": 113.99549013999999, "z": -19.12649862}, "pinhole3": {"error": 0.0056729793565842845, "x": 394.70760936, "y": 112.80363551999999, "z": -19.080326239999998}, "center": {"x": 394.02425360999996, "y": 113.48506203, "z": -19.029734089999998}, "petal_id": 3, "device_loc": 517}, "P116": {"pinhole4": {"error": 0.0006397010216077637, "x": 367.64946313999997, "y": 176.65932360000002, "z": -18.83476718}, "pinhole3": {"error": 0.0011570267531316736, "x": 368.6135366, "y": 176.40053731999998, "z": -18.93124536}, "pinhole2": {"error": 0.00012026300400158618, "x": 366.68838482, "y": 176.91517868, "z": -18.766602139999996}, "pinhole1": {"error": 0.0004081956500783246, "x": 368.16643812, "y": 177.50830346000004, "z": -18.94413808}, "center": {"x": 367.77945567, "y": 176.87083576499998, "z": -18.86918819}, "petal_id": 3, "device_loc": 534}, "P359": {"pinhole4": {"error": 0.001037296412894545, "x": 295.3780882, "y": 207.50808596000002, "z": -14.74839268}, "pinhole2": {"error": 0.0014919823387582465, "x": 296.36923196, "y": 207.60885728000002, "z": -14.85506338}, "pinhole3": {"error": 0.0014646939041641494, "x": 294.38351198, "y": 207.40927498000002, "z": -14.68230466}, "pinhole1": {"error": 0.0001998373760019323, "x": 295.19949492, "y": 206.52725167999998, "z": -14.6880291}, "center": {"x": 295.332581765, "y": 207.26336747500002, "z": -14.743447455}, "petal_id": 3, "device_loc": 541}, "P669": {"pinhole4": {"error": 0.00047069627603607556, "x": 356.92393614, "y": 202.74315643999998, "z": -19.28747662}, "pinhole2": {"error": 8.92673936148114e-06, "x": 357.89366972000005, "y": 202.50482214, "z": -19.363428799999998}, "pinhole1": {"error": 0.0026050448710253082, "x": 356.43055506, "y": 201.87304344, "z": -19.2150353}, "pinhole3": {"error": 0.0016055109523847033, "x": 355.95383402, "y": 202.9811842, "z": -19.23548636}, "center": {"x": 356.800498735, "y": 202.52555155500002, "z": -19.27535677}, "petal_id": 3, "device_loc": 542}}