{"P109": {"pinhole4": {"error": 0.002120459126149832, "x": 54.27439558, "y": 32.38263010000001, "z": -0.39412353999999994}, "pinhole1": {"error": 0.00036462756358246473, "x": 55.14125800000001, "y": 31.88366358, "z": -0.42249501999999994}, "pinhole3": {"error": 0.0006233981385229681, "x": 54.03758262, "y": 31.4106681, "z": -0.42923691999999997}, "pinhole2": {"error": 0.0016783359743117732, "x": 54.50908276, "y": 33.35164844, "z": -0.46236692}, "center": {"x": 54.49057974, "y": 32.257152555, "z": -0.4270556}, "petal_id": 8, "device_loc": 11}, "P034": {"pinhole4": {"error": 0.008207745989866067, "x": 241.60670694, "y": 14.12401744, "z": -6.426280579999999}, "pinhole3": {"error": 0.0007528868909112418, "x": 242.11456364, "y": 14.98214002, "z": -6.506951239999999}, "pinhole2": {"error": 0.0005968825610278561, "x": 241.08011094, "y": 13.27017816, "z": -6.44844434}, "pinhole1": {"error": 0.002457511367467413, "x": 240.92167358, "y": 14.864038419999996, "z": -6.4555636199999995}, "center": {"x": 241.430763775, "y": 14.310093509999998, "z": -6.459309944999999}, "petal_id": 8, "device_loc": 150}, "P102": {"pinhole4": {"error": 0.000813094928909408, "x": 304.24203617999996, "y": 86.35930676000001, "z": -11.14463882}, "pinhole3": {"error": 0.00014830545589505917, "x": 303.44375468, "y": 86.96376356, "z": -11.137180160000002}, "pinhole2": {"error": 0.00017780748794771206, "x": 305.03583249999997, "y": 85.75556895999999, "z": -11.219445699999998}, "pinhole1": {"error": 0.00024007039859674784, "x": 303.43921237999996, "y": 85.76381822, "z": -11.109176999999999}, "center": {"x": 304.040208935, "y": 86.210614375, "z": -11.152610420000002}, "petal_id": 8, "device_loc": 321}, "P060": {"pinhole4": {"error": 0.0005013006275409182, "x": 409.5068615, "y": 14.016987700000001, "z": -18.94191224}, "pinhole3": {"error": 6.606484604465557e-05, "x": 408.54083194000003, "y": 14.251840920000001, "z": -18.84660108}, "pinhole1": {"error": 0.0007715753236183787, "x": 409.01153268, "y": 13.149151380000001, "z": -18.905690460000002}, "pinhole2": {"error": 0.001960343920313301, "x": 410.47368824000006, "y": 13.78312818, "z": -19.0774383}, "center": {"x": 409.38322859000004, "y": 13.800277045, "z": -18.94291052}, "petal_id": 8, "device_loc": 439}, "P076": {"pinhole4": {"error": 0.0013620684072865319, "x": 404.28581197999995, "y": 59.231562180000005, "z": -18.862693540000002}, "pinhole1": {"error": 0.0005972127399539451, "x": 404.50311958000003, "y": 60.20655515999999, "z": -18.935238879999996}, "pinhole3": {"error": 0.0020023547664517194, "x": 405.27949388, "y": 59.29261964, "z": -18.997675039999997}, "pinhole2": {"error": 0.0009581005047600843, "x": 403.2925031, "y": 59.170234660000006, "z": -18.771169320000006}, "center": {"x": 404.340232135, "y": 59.47524291, "z": -18.891694195}, "petal_id": 8, "device_loc": 482}, "P049": {"pinhole4": {"error": 0.00045899571415491947, "x": 330.78347042, "y": 185.60811556, "z": -16.09434402}, "pinhole2": {"error": 0.00112609496382432, "x": 331.77156654, "y": 185.48088796, "z": -16.204787760000006}, "pinhole3": {"error": 0.00013096944424118018, "x": 329.79309472000006, "y": 185.73576722, "z": -16.04724392}, "pinhole1": {"error": 0.0008758541282107846, "x": 330.38721862, "y": 184.69253898000002, "z": -16.031097399999997}, "center": {"x": 330.683837575, "y": 185.37932743000002, "z": -16.094368275}, "petal_id": 8, "device_loc": 496}, "P033": {"pinhole4": {"error": 0.013720352516771894, "x": 393.78242506, "y": 113.2463651, "z": -18.901705460000002}, "pinhole1": {"error": 0.009664301011098164, "x": 393.84135444, "y": 114.24481474, "z": -18.977438820000003}, "pinhole2": {"error": 0.012472102268714202, "x": 392.81296604, "y": 113.06873956, "z": -18.81761564}, "pinhole3": {"error": 0.003448298324521204, "x": 394.75267746, "y": 113.4673741, "z": -19.064307739999997}, "center": {"x": 393.79735574999995, "y": 113.50682337500001, "z": -18.940266915000002}, "petal_id": 8, "device_loc": 517}, "P113": {"pinhole4": {"error": 0.001330977469629957, "x": 367.88212832, "y": 176.553277, "z": -18.76765566}, "pinhole2": {"error": 0.003571956529463849, "x": 368.60597631999997, "y": 177.2343231, "z": -18.935062379999998}, "pinhole1": {"error": 0.00030268861972648775, "x": 368.33050746000004, "y": 175.66021622000002, "z": -18.810708500000004}, "pinhole3": {"error": 0.0013865084698126973, "x": 367.15404665999995, "y": 175.87305104, "z": -18.688792439999997}, "center": {"x": 367.99316468999996, "y": 176.33021684, "z": -18.800554745}, "petal_id": 8, "device_loc": 534}, "P072": {"pinhole4": {"error": 0.001774898671828562, "x": 295.4342285, "y": 207.56158938, "z": -14.642062760000002}, "pinhole3": {"error": 0.00218975022203316, "x": 295.70401019999997, "y": 208.51927732, "z": -14.79159958}, "pinhole2": {"error": 0.0011082019516450714, "x": 295.16124406, "y": 206.60345142, "z": -14.56713148}, "pinhole1": {"error": 0.00020985111677152002, "x": 294.58902782000007, "y": 208.09769626000002, "z": -14.65424984}, "center": {"x": 295.222127645, "y": 207.695503595, "z": -14.663760915}, "petal_id": 8, "device_loc": 541}, "P036": {"pinhole4": {"error": 4.4743833938099e-05, "x": 357.00381034000003, "y": 202.77373095999997, "z": -19.301743620000003}, "pinhole2": {"error": 0.009214866337059036, "x": 357.66330482, "y": 203.52057026, "z": -19.47320048}, "pinhole1": {"error": 0.00377746275114077, "x": 357.53788771999996, "y": 201.92618134, "z": -19.251195000000003}, "pinhole3": {"error": 0.002005107703668574, "x": 356.3437702, "y": 202.02854276000002, "z": -19.193388480000003}, "center": {"x": 357.13719327, "y": 202.56225633, "z": -19.304881895}, "petal_id": 8, "device_loc": 542}}