{"P011": {"pinhole4": {"error": 0.0018638389348108464, "x": 153.1447301, "y": 41.3911849, "z": -2.7063411399999997}, "pinhole3": {"error": 0.0012995098027016594, "x": 152.62333628000002, "y": 42.24702992, "z": -2.7500574999999996}, "pinhole1": {"error": 0.00031670275700235173, "x": 152.17923218, "y": 41.13017484, "z": -2.7304402800000003}, "pinhole2": {"error": 8.392158957115647e-05, "x": 153.66554444, "y": 40.53854118, "z": -2.76179524}, "center": {"x": 152.90321075, "y": 41.32673271, "z": -2.73715854}, "petal_id": 4, "device_loc": 75}, "P019": {"pinhole4": {"error": 0.0018115653422015598, "x": 241.54549308, "y": 14.30400434, "z": -6.48251838}, "pinhole3": {"error": 0.0008331547841251563, "x": 241.02879223999997, "y": 15.163297080000001, "z": -6.492693919999999}, "pinhole1": {"error": 0.0017574382757340468, "x": 240.57452138, "y": 14.05297984, "z": -6.468648400000001}, "pinhole2": {"error": 0.0020214369375977093, "x": 242.05841884, "y": 13.44506926, "z": -6.52596054}, "center": {"x": 241.30180638499996, "y": 14.24133763, "z": -6.49245531}, "petal_id": 4, "device_loc": 150}, "P043": {"pinhole4": {"error": 0.0014162830242211433, "x": 409.3322864, "y": 14.2057119, "z": -18.960554359999996}, "pinhole1": {"error": 0.0010379306188718074, "x": 410.3263092, "y": 14.18319856, "z": -19.08722}, "pinhole2": {"error": 0.0007005665874011413, "x": 409.07304454, "y": 15.16975794, "z": -18.9448229}, "pinhole3": {"error": 0.001224226301447362, "x": 409.59272985999996, "y": 13.240360399999997, "z": -18.992180400000002}, "center": {"x": 409.5810925, "y": 14.1997572, "z": -18.996194414999998}, "petal_id": 4, "device_loc": 439}, "P079": {"pinhole4": {"error": 0.0015537613576556142, "x": 404.14635484, "y": 59.34724298, "z": -18.86043072}, "pinhole3": {"error": 0.001071777390733386, "x": 404.94223506, "y": 59.946788559999995, "z": -18.97919554}, "pinhole1": {"error": 0.00014997624456014602, "x": 403.79689736000006, "y": 60.28564521999999, "z": -18.850503579999998}, "pinhole2": {"error": 0.001641772528097274, "x": 403.35069434, "y": 58.75264552, "z": -18.77592004}, "center": {"x": 404.0590454, "y": 59.58308056999999, "z": -18.86651247}, "petal_id": 4, "device_loc": 482}, "P080": {"pinhole4": {"error": 0.0013762078108075504, "x": 330.79993016, "y": 185.75936428, "z": -16.129651000000003}, "pinhole2": {"error": 0.0014278938945155861, "x": 331.75955910000005, "y": 186.02655712, "z": -16.254327699999997}, "pinhole3": {"error": 0.0003181695894803882, "x": 329.83958862, "y": 185.49631879999998, "z": -16.06336422}, "pinhole1": {"error": 0.0009931591627344583, "x": 330.78948304000005, "y": 184.7610689, "z": -16.09504796}, "center": {"x": 330.79714022999997, "y": 185.510827275, "z": -16.13559772}, "petal_id": 4, "device_loc": 496}, "P087": {"pinhole4": {"error": 0.0003452132753487547, "x": 304.06010705999995, "y": 86.43562262, "z": -11.146267220000002}, "pinhole2": {"error": 0.00026309116035605484, "x": 305.03596654, "y": 86.23267123999999, "z": -11.23974664}, "pinhole3": {"error": 0.0006299325177859805, "x": 303.0822399, "y": 86.64025808000001, "z": -11.111637980000001}, "pinhole1": {"error": 1.4404727032957254e-05, "x": 303.59074642, "y": 85.55415992, "z": -11.11969222}, "center": {"x": 303.94226498, "y": 86.21567796500001, "z": -11.154336015}, "petal_id": 4, "device_loc": 321}, "P103": {"pinhole4": {"error": 0.00759948254254228, "x": 367.7548072000001, "y": 176.68144998, "z": -18.81281684}, "pinhole1": {"error": 0.004120889844750675, "x": 368.71165172, "y": 176.95467997999998, "z": -18.9406768}, "pinhole2": {"error": 0.008029268974456771, "x": 367.22065153999995, "y": 177.52641025999998, "z": -18.806292919999997}, "pinhole3": {"error": 0.017228919595661973, "x": 368.31950778, "y": 175.82122534, "z": -18.8337331}, "center": {"x": 368.00165456, "y": 176.74594138999998, "z": -18.848379915}, "petal_id": 4, "device_loc": 534}, "P117": {"pinhole4": {"error": 9.230466492657352e-05, "x": 54.24102252, "y": 32.32175516, "z": -0.4634655199999999}, "pinhole2": {"error": 0.0010285428198537616, "x": 54.66108038, "y": 33.228340939999995, "z": -0.4815021599999999}, "pinhole3": {"error": 0.0015647490051353685, "x": 53.82054750000001, "y": 31.41592892, "z": -0.46692555999999985}, "pinhole1": {"error": 5.745596766593142e-05, "x": 54.993206840000006, "y": 31.66342124, "z": -0.4832455999999999}, "center": {"x": 54.428964310000005, "y": 32.157361564999995, "z": -0.47378470999999983}, "petal_id": 4, "device_loc": 11}, "P126": {"pinhole4": {"error": 4.2085506037903286e-05, "x": 215.52985963999998, "y": 149.81975674, "z": -7.67006476}, "pinhole1": {"error": 0.00023182921294040426, "x": 216.44872459999996, "y": 150.20805756, "z": -7.739273679999999}, "pinhole2": {"error": 0.0013048088315237294, "x": 214.89697533999998, "y": 150.59667404, "z": -7.6932011000000005}, "pinhole3": {"error": 0.0027251771328571373, "x": 216.16039803999996, "y": 149.04052201999997, "z": -7.6842387}, "center": {"x": 215.75898940499997, "y": 149.91625259, "z": -7.696694559999999}, "petal_id": 4, "device_loc": 239}, "P134": {"pinhole4": {"error": 0.0004363334350396264, "x": 393.85099714, "y": 113.39546506000002, "z": -18.880672099999998}, "pinhole2": {"error": 0.00020862219781725422, "x": 394.06966991999997, "y": 114.37050266000001, "z": -18.95131174}, "pinhole3": {"error": 0.00039213607506394244, "x": 393.63157248, "y": 112.42196324000001, "z": -18.833105240000002}, "pinhole1": {"error": 0.0005103057393469612, "x": 394.72156898000003, "y": 112.91051874, "z": -18.9725828}, "center": {"x": 394.06845212999997, "y": 113.27461242500002, "z": -18.90941797}, "petal_id": 4, "device_loc": 517}, "P081": {"pinhole4": {"error": 0.00016911745690242896, "x": 357.28824657999996, "y": 202.65565934, "z": -19.31089874}, "pinhole3": {"error": 0.000342315948730465, "x": 357.74778935999996, "y": 203.53789818, "z": -19.43406316}, "pinhole1": {"error": 0.00023909751609318963, "x": 356.56952388, "y": 203.35038070000002, "z": -19.30996078}, "pinhole2": {"error": 0.00010058300625992445, "x": 356.82900362000004, "y": 201.77179999999998, "z": -19.234794739999998}, "center": {"x": 357.10864086000004, "y": 202.828934555, "z": -19.322429355}, "petal_id": 4, "device_loc": 542}, "P114": {"pinhole4": {"error": 0.0006416001304666852, "x": 295.27323364, "y": 207.20602128000002, "z": -14.643809899999999}, "pinhole3": {"error": 0.0018268193049706394, "x": 295.1867222, "y": 208.20158074, "z": -14.727957360000001}, "pinhole1": {"error": 5.4266312055517574e-05, "x": 294.29491586, "y": 207.40483708000002, "z": -14.608752319999999}, "pinhole2": {"error": 0.0009668981819823674, "x": 295.36058116000004, "y": 206.20973418000003, "z": -14.60754158}, "center": {"x": 295.028863215, "y": 207.25554332000002, "z": -14.647015289999999}, "petal_id": 4, "device_loc": 541}}