{"P062": {"pinhole4": {"error": 0.000942891911558219, "x": 54.20759611999999, "y": 32.41274598, "z": -0.46176874000000023}, "pinhole2": {"error": 0.0004138221738585468, "x": 54.14309806, "y": 33.41156656, "z": -0.49614274000000014}, "pinhole3": {"error": 0.0005247427492784951, "x": 54.2729731, "y": 31.41519544, "z": -0.47447376000000013}, "pinhole1": {"error": 5.978456582267366e-05, "x": 55.184221179999994, "y": 32.19878542, "z": -0.4971886400000002}, "center": {"x": 54.451972115000004, "y": 32.35957335, "z": -0.4823934700000002}, "petal_id": 9, "device_loc": 11}, "P088": {"pinhole4": {"error": 0.0005151552062960807, "x": 153.1190082, "y": 41.48698612, "z": -2.7916851800000004}, "pinhole2": {"error": 0.0005611662635252035, "x": 154.11639035999997, "y": 41.445901879999994, "z": -2.8360652800000006}, "pinhole3": {"error": 0.00048384998388539824, "x": 152.11971956000002, "y": 41.530502139999996, "z": -2.7787623000000004}, "pinhole1": {"error": 6.500691656707858e-05, "x": 152.79754229999998, "y": 40.5408342, "z": -2.7867912}, "center": {"x": 153.038165105, "y": 41.251056084999995, "z": -2.7983259900000004}, "petal_id": 9, "device_loc": 75}, "P024": {"pinhole4": {"error": 0.0013484379983519645, "x": 241.65321954, "y": 14.248267679999998, "z": -6.5185036400000005}, "pinhole3": {"error": 0.001728594384548643, "x": 241.6966793, "y": 15.24561854, "z": -6.55034134}, "pinhole1": {"error": 0.002442605192734204, "x": 240.71152607999997, "y": 14.57116882, "z": -6.493023580000001}, "pinhole2": {"error": 0.0003452854594800936, "x": 241.61015590000002, "y": 13.248939459999999, "z": -6.52659708}, "center": {"x": 241.417895205, "y": 14.328498625000002, "z": -6.522116410000001}, "petal_id": 9, "device_loc": 150}, "P069": {"pinhole4": {"error": 0.002425818626362264, "x": 215.39950242499998, "y": 149.82788053999997, "z": -7.6882247800000005}, "pinhole2": {"error": 0.0011151735847991784, "x": 216.397874725, "y": 149.84762501999998, "z": -7.74630916}, "pinhole3": {"error": 0.0009491803027934509, "x": 214.4010658, "y": 149.81744460000002, "z": -7.6574494600000005}, "pinhole1": {"error": 0.002379284432160178, "x": 215.1403259, "y": 148.86281526, "z": -7.65762328}, "center": {"x": 215.3346922125, "y": 149.58894135499997, "z": -7.687401670000001}, "petal_id": 9, "device_loc": 239}, "P042": {"pinhole4": {"error": 0.007560860158003391, "x": 304.12196606, "y": 86.34832778, "z": -11.1594326}, "pinhole2": {"error": 0.002027695585740119, "x": 304.91265383999996, "y": 86.945438, "z": -11.241150379999999}, "pinhole3": {"error": 0.0009421442526046375, "x": 303.32949315999997, "y": 85.73002096000002, "z": -11.10735278}, "pinhole1": {"error": 0.0027905724241698016, "x": 304.48289065999995, "y": 85.40508747999999, "z": -11.17756332}, "center": {"x": 304.21175093, "y": 86.107218555, "z": -11.17137477}, "petal_id": 9, "device_loc": 321}, "P101": {"pinhole4": {"error": 0.0030958273027089644, "x": 409.38355484, "y": 14.2705175, "z": -19.01086906}, "pinhole2": {"error": 0.0010284447562671772, "x": 409.76684370000004, "y": 15.196764139999999, "z": -19.077514060000002}, "pinhole3": {"error": 0.0016284659758638576, "x": 409.00963304, "y": 13.34407856, "z": -18.97184488}, "pinhole1": {"error": 0.0010013009043265964, "x": 410.1636146000001, "y": 13.64967726, "z": -19.10991254}, "center": {"x": 409.580911545, "y": 14.115259365, "z": -19.042535135}, "petal_id": 9, "device_loc": 439}, "P093": {"pinhole4": {"error": 0.0031880033428611787, "x": 404.12893476, "y": 59.32602766, "z": -18.88504568}, "pinhole3": {"error": 0.002874017387746397, "x": 405.11749657999997, "y": 59.418789219999994, "z": -19.033691840000003}, "pinhole1": {"error": 0.0006802177806251031, "x": 404.32068488, "y": 60.30781032, "z": -18.94294566}, "pinhole2": {"error": 0.009186645299979146, "x": 403.15293549999996, "y": 59.2377024, "z": -18.7847781}, "center": {"x": 404.18001293, "y": 59.5725824, "z": -18.911615320000003}, "petal_id": 9, "device_loc": 482}, "P052": {"pinhole4": {"error": 0.0020898828523503166, "x": 330.731827975, "y": 185.7112136, "z": -16.169711420000002}, "pinhole3": {"error": 0.002736763233854189, "x": 330.4771136, "y": 186.67756163999996, "z": -16.20944654}, "pinhole1": {"error": 0.0005236846252902883, "x": 329.73750452499996, "y": 185.73875424, "z": -16.099152359999998}, "pinhole2": {"error": 0.006936633136601644, "x": 330.99066225, "y": 184.73476852000002, "z": -16.15010254}, "center": {"x": 330.4842770875, "y": 185.7155745, "z": -16.157103215}, "petal_id": 9, "device_loc": 496}, "P008": {"pinhole4": {"error": 0.0005160058718140514, "x": 393.79814068, "y": 113.46142239999999, "z": -18.972265540000002}, "pinhole3": {"error": 0.0007457381814574005, "x": 394.22569574, "y": 114.36114114, "z": -19.08566422}, "pinhole1": {"error": 0.001035752496008957, "x": 393.0560113, "y": 114.13068122, "z": -18.93599886}, "pinhole2": {"error": 0.00019320979923032056, "x": 393.37168092, "y": 112.5606751, "z": -18.909728920000003}, "center": {"x": 393.61288216, "y": 113.628479965, "z": -18.975914385000003}, "petal_id": 9, "device_loc": 517}, "P098": {"pinhole4": {"error": 0.002761121087043711, "x": 367.68919664, "y": 176.70294736, "z": -18.82160932}, "pinhole3": {"error": 0.0009288509431196745, "x": 367.30725694, "y": 177.62562148, "z": -18.851113320000003}, "pinhole1": {"error": 0.0002278597091673884, "x": 366.70232598, "y": 176.59314956, "z": -18.73037554}, "pinhole2": {"error": 0.0016265557379619988, "x": 368.07701036000003, "y": 175.7772081, "z": -18.82911216}, "center": {"x": 367.44394748, "y": 176.674731625, "z": -18.808052585}, "petal_id": 9, "device_loc": 534}, "P107": {"pinhole4": {"error": 0.0008799985352222484, "x": 295.53945722, "y": 207.56137454, "z": -14.79542304}, "pinhole1": {"error": 0.0006533845676022221, "x": 294.6427648, "y": 208.005464, "z": -14.760404399999999}, "pinhole2": {"error": 0.0008868689764964799, "x": 295.37084012, "y": 206.5808509, "z": -14.737018819999998}, "pinhole3": {"error": 0.0019091320484438956, "x": 295.7078983, "y": 208.54800256000004, "z": -14.886635380000001}, "center": {"x": 295.31524011, "y": 207.673923, "z": -14.79487041}, "petal_id": 9, "device_loc": 541}, "P026": {"pinhole4": {"error": 0.00031451225564876895, "x": 357.25055127999997, "y": 202.60873608, "z": -19.31567216}, "pinhole2": {"error": 0.0013757392793845025, "x": 357.97035944, "y": 203.29902228, "z": -19.43256436}, "pinhole3": {"error": 0.0001728901518720516, "x": 356.53280422, "y": 201.92119832, "z": -19.22467154}, "pinhole1": {"error": 0.00034757385829098375, "x": 357.71408242, "y": 201.72286223999998, "z": -19.318045020000003}, "center": {"x": 357.36694934, "y": 202.38795473, "z": -19.32273827}, "petal_id": 9, "device_loc": 542}}