{"P105": {"pinhole4": {"error": 0.0013923853650921747, "x": 54.16753502500001, "y": 32.44612536, "z": -0.49595140000000004}, "pinhole3": {"error": 0.0006811810199820467, "x": 54.798828, "y": 33.223683300000005, "z": -0.52386702}, "pinhole1": {"error": 0.0014021220377491428, "x": 53.597608225, "y": 33.2673462, "z": -0.5156740400000001}, "pinhole2": {"error": 0.003883642331234727, "x": 53.537073775, "y": 31.67531386, "z": -0.49039735999999995}, "center": {"x": 54.025261256250005, "y": 32.653117179999995, "z": -0.5064724549999999}, "petal_id": 10, "device_loc": 11}, "P094": {"pinhole4": {"error": 0.001115364515023698, "x": 153.06322784, "y": 41.4579716, "z": -2.73779764}, "pinhole2": {"error": 0.0010165888388782296, "x": 153.81559848, "y": 40.79885276666667, "z": -2.76925636}, "pinhole3": {"error": 0.00014984044048138578, "x": 152.30993496000002, "y": 42.11710443333333, "z": -2.7413945400000004}, "pinhole1": {"error": 0.0025241498862075273, "x": 152.21671696, "y": 40.919411233333335, "z": -2.7304501199999995}, "center": {"x": 152.85136956000002, "y": 41.32333500833334, "z": -2.7447246649999997}, "petal_id": 10, "device_loc": 75}, "P063": {"pinhole4": {"error": 0.0009557193845622369, "x": 241.58691214, "y": 14.25962724, "z": -6.539151100000001}, "pinhole1": {"error": 0.00014140318271116392, "x": 242.43268014, "y": 14.79237046, "z": -6.592222380000001}, "pinhole2": {"error": 0.000615602697328077, "x": 240.83963346000002, "y": 14.922348799999998, "z": -6.516066479999999}, "pinhole3": {"error": 0.0007335094272767906, "x": 242.33624643999997, "y": 13.597774359999999, "z": -6.5733035}, "center": {"x": 241.798868045, "y": 14.393030215, "z": -6.555185865}, "petal_id": 10, "device_loc": 150}, "P017": {"pinhole4": {"error": 0.0006197260388608183, "x": 215.58850136, "y": 149.83608823999998, "z": -7.6754313}, "pinhole3": {"error": 0.00037328324426200155, "x": 214.62002928, "y": 150.08357107999998, "z": -7.669484860000002}, "pinhole1": {"error": 0.00017526419239821678, "x": 215.08144691999996, "y": 148.97574568, "z": -7.64567126}, "pinhole2": {"error": 0.0001130730359131249, "x": 216.55701185999996, "y": 149.59005924000002, "z": -7.728262580000001}, "center": {"x": 215.461747355, "y": 149.62136605999999, "z": -7.679712500000001}, "petal_id": 10, "device_loc": 239}, "P086": {"pinhole4": {"error": 0.0004160667394343953, "x": 304.09674346, "y": 86.4481306, "z": -11.1447229}, "pinhole1": {"error": 0.002198306291012475, "x": 303.20814555999993, "y": 86.89916092000001, "z": -11.10996768}, "pinhole2": {"error": 0.0003813787013835501, "x": 303.91441928000006, "y": 85.46516166, "z": -11.1248121}, "pinhole3": {"error": 0.000698250141503709, "x": 304.27678544, "y": 87.43062161999998, "z": -11.19632002}, "center": {"x": 303.874023435, "y": 86.56076870000001, "z": -11.143955675}, "petal_id": 10, "device_loc": 321}, "P013": {"pinhole4": {"error": 0.0013479133215753558, "x": 409.42471035999995, "y": 14.300174179999999, "z": -18.996698979999998}, "pinhole2": {"error": 0.0005900211780383025, "x": 408.82594738, "y": 15.098306679999999, "z": -18.942782899999997}, "pinhole1": {"error": 0.0007443623206946359, "x": 410.35168142000003, "y": 14.655443120000001, "z": -19.1324513}, "pinhole3": {"error": 0.00017913622912268945, "x": 410.02496386, "y": 13.50194832, "z": -19.065268120000002}, "center": {"x": 409.656825755, "y": 14.388968075000001, "z": -19.034300325}, "petal_id": 10, "device_loc": 439}, "P131": {"pinhole4": {"error": 0.0015034777721901482, "x": 404.22149604000003, "y": 59.40499994, "z": -18.879566060000002}, "pinhole3": {"error": 0.00011533696089294221, "x": 404.1657397, "y": 60.402935760000005, "z": -18.89902864}, "pinhole2": {"error": 0.0008132680110795043, "x": 404.27520169999997, "y": 58.40566104, "z": -18.872154279999997}, "pinhole1": {"error": 0.005019323770273032, "x": 403.25862268000003, "y": 59.631394840000006, "z": -18.78808842}, "center": {"x": 403.98026503000006, "y": 59.46124789500001, "z": -18.85970935}, "petal_id": 10, "device_loc": 482}, "P035": {"pinhole4": {"error": 0.0007358289085023229, "x": 330.87091258, "y": 185.59227, "z": -16.18182028}, "pinhole3": {"error": 0.00018480145258026326, "x": 331.37984978000003, "y": 186.44894943999998, "z": -16.27823776}, "pinhole1": {"error": 5.829003523083465e-06, "x": 330.19077916000003, "y": 186.32596284000002, "z": -16.173447539999998}, "pinhole2": {"error": 0.00035315908825328535, "x": 330.35917284, "y": 184.73604296, "z": -16.116678280000002}, "center": {"x": 330.70017859, "y": 185.77580630999998, "z": -16.187545964999998}, "petal_id": 10, "device_loc": 496}, "P071": {"pinhole4": {"error": 1.3028110201956933e-05, "x": 393.91215716, "y": 113.43621066, "z": -19.02610196}, "pinhole1": {"error": 9.658982091942381e-05, "x": 393.72261493999997, "y": 114.41737681999999, "z": -19.052342439999997}, "pinhole2": {"error": 0.0008460974592952031, "x": 393.0295732, "y": 112.97943842, "z": -18.928368499999998}, "pinhole3": {"error": 0.0033763277917958634, "x": 394.7998775, "y": 113.89308994000001, "z": -19.15230482}, "center": {"x": 393.86605569999995, "y": 113.68152896000001, "z": -19.03977943}, "petal_id": 10, "device_loc": 517}, "P092": {"pinhole4": {"error": 0.0010984854037132674, "x": 367.73726174, "y": 176.72099944, "z": -18.81590146}, "pinhole1": {"error": 0.0017745344737863933, "x": 368.62606096, "y": 177.16320834000004, "z": -18.956535780000003}, "pinhole2": {"error": 0.003942055573818992, "x": 367.0644185, "y": 177.45374012000002, "z": -18.8012059}, "pinhole3": {"error": 0.001313224812570346, "x": 368.41143694000004, "y": 175.98010958, "z": -18.8574913}, "center": {"x": 367.959794535, "y": 176.82951437, "z": -18.85778361}, "petal_id": 10, "device_loc": 534}, "P040": {"pinhole4": {"error": 0.0022806609328940852, "x": 295.37943942, "y": 207.50956878000002, "z": -14.7288277}, "pinhole2": {"error": 0.001475951824887467, "x": 294.57117982, "y": 208.09485064, "z": -14.7114935}, "pinhole3": {"error": 0.0005134451876550594, "x": 296.18981292, "y": 206.92417770000003, "z": -14.77474888}, "pinhole1": {"error": 0.0014905188532516878, "x": 296.16427548, "y": 208.12204756, "z": -14.855294879999999}, "center": {"x": 295.57617690999996, "y": 207.66266117000004, "z": -14.767591240000002}, "petal_id": 10, "device_loc": 541}, "P097": {"pinhole4": {"error": 0.0018251153594512903, "x": 356.73459149999996, "y": 202.8122636, "z": -19.325970560000002}, "pinhole1": {"error": 0.0027568208150383633, "x": 355.7863529, "y": 202.49014892, "z": -19.2501465}, "pinhole3": {"error": 0.0003173397677191936, "x": 356.1551442, "y": 203.62902221999997, "z": -19.359798700000002}, "pinhole2": {"error": 0.00024018993527308297, "x": 357.30896064, "y": 201.99542981999997, "z": -19.3228546}, "center": {"x": 356.49626231, "y": 202.73171614, "z": -19.31469259}, "petal_id": 10, "device_loc": 542}}