{"P077": {"pinhole4": {"error": -0.0011374635371006192, "x": 54.28119484, "y": 32.3448836, "z": -0.4842196399999999}, "pinhole3": {"error": -0.0011339192393136077, "x": 53.73543234, "y": 33.1800868, "z": -0.5068272599999999}, "pinhole1": {"error": -0.0006831703091136898, "x": 53.3275046, "y": 32.0519323, "z": -0.4975471799999999}, "pinhole2": {"error": -0.0008172679404012673, "x": 54.8312059, "y": 31.508975479999997, "z": -0.5052714399999999}, "center": {"x": 54.043834419999996, "y": 32.271469545, "z": -0.4984663799999999}, "petal_id": 11, "device_loc": 11}, "P022": {"pinhole4": {"error": 0.0008386428313212901, "x": 152.99583339999998, "y": 41.48440386, "z": -2.7843476000000003}, "pinhole3": {"error": -0.0004590806263982117, "x": 153.72501519999997, "y": 42.1677502, "z": -2.8255516800000002}, "pinhole1": {"error": 0.0006445255392301119, "x": 152.5447403, "y": 42.378056779999994, "z": -2.8052720399999997}, "pinhole2": {"error": 0.0005086681309907082, "x": 152.2646441, "y": 40.8013812, "z": -2.76940044}, "center": {"x": 152.88255825, "y": 41.70789801, "z": -2.79614294}, "petal_id": 11, "device_loc": 75}, "P095": {"pinhole4": {"error": -4.3422866133152604e-05, "x": 241.59890436, "y": 14.259933100000001, "z": -6.5350463}, "pinhole2": {"error": -0.0001824379707859869, "x": 242.38698319999997, "y": 14.873982360000003, "z": -6.5818381399999994}, "pinhole3": {"error": 9.210281732330294e-05, "x": 240.80965876, "y": 13.646140120000002, "z": -6.50455072}, "pinhole1": {"error": 0.00026701470202750155, "x": 241.96699866, "y": 13.330219959999999, "z": -6.552317479999999}, "center": {"x": 241.690636245, "y": 14.027568885000003, "z": -6.54343816}, "petal_id": 11, "device_loc": 150}, "P057": {"pinhole4": {"error": -0.00045852598938744826, "x": 215.58796190000004, "y": 149.8335597, "z": -7.665595659999999}, "pinhole3": {"error": -0.0006267416426984918, "x": 214.77997654, "y": 150.4215078, "z": -7.6709812799999995}, "pinhole1": {"error": 0.0001635814808809144, "x": 214.79846582, "y": 149.22211695999997, "z": -7.628932139999999}, "pinhole2": {"error": -0.0004923337758688806, "x": 216.39641248000004, "y": 149.24575957999997, "z": -7.70604822}, "center": {"x": 215.390704185, "y": 149.68073600999998, "z": -7.667889324999999}, "petal_id": 11, "device_loc": 239}, "P061": {"pinhole4": {"error": 0.00036906544862597146, "x": 304.04228186000006, "y": 86.35840024, "z": -11.1528305}, "pinhole1": {"error": -3.74132252893844e-05, "x": 304.95228986, "y": 86.76603345999999, "z": -11.231057719999999}, "pinhole2": {"error": -0.000756382103815012, "x": 303.39580178000006, "y": 87.12054232000001, "z": -11.13368004}, "pinhole3": {"error": -0.00041284221172155355, "x": 304.6888202, "y": 85.59634471999999, "z": -11.185942059999999}, "center": {"x": 304.26979842500003, "y": 86.460330185, "z": -11.175877579999998}, "petal_id": 11, "device_loc": 321}, "P055": {"pinhole4": {"error": -0.0006958822231235839, "x": 409.36521116000006, "y": 14.15468162, "z": -18.99046912}, "pinhole2": {"error": -0.0002782172112973935, "x": 410.29056742, "y": 13.792702120000001, "z": -19.104220259999998}, "pinhole3": {"error": -0.0003582136438448069, "x": 408.43840454, "y": 14.51784232, "z": -18.89572624}, "pinhole1": {"error": -0.0008511589612818504, "x": 408.75999564000006, "y": 13.36327502, "z": -18.92740388}, "center": {"x": 409.21354469000005, "y": 13.957125269999999, "z": -18.979454875}, "petal_id": 11, "device_loc": 439}, "P070": {"pinhole4": {"error": 0.0004441215199509352, "x": 404.11573861999995, "y": 59.29690388, "z": -18.87890778}, "pinhole3": {"error": -0.00023130048345576526, "x": 405.09938888, "y": 59.438974400000006, "z": -18.997883820000002}, "pinhole1": {"error": 0.00020924356911056208, "x": 404.25485004, "y": 60.28647154, "z": -18.927421119999998}, "pinhole2": {"error": 0.0005241102074005077, "x": 403.13050824, "y": 59.15506922000001, "z": -18.78163422}, "center": {"x": 404.15012144499997, "y": 59.544354760000004, "z": -18.896461735000003}, "petal_id": 11, "device_loc": 482}, "P041": {"pinhole4": {"error": 0.0007525362948485048, "x": 330.74466027999995, "y": 185.69634392, "z": -16.17689886}, "pinhole1": {"error": 0.0011032583215442315, "x": 331.54091470000003, "y": 186.29511195999999, "z": -16.2810877}, "pinhole2": {"error": 0.00010173429763127295, "x": 329.94476829999996, "y": 186.29702494000003, "z": -16.15457458}, "pinhole3": {"error": -0.00015264620006194551, "x": 331.54330066, "y": 185.09600088, "z": -16.21780174}, "center": {"x": 330.943410985, "y": 185.846120425, "z": -16.20759072}, "petal_id": 11, "device_loc": 496}, "P028": {"pinhole4": {"error": 0.0010698475931932294, "x": 393.90072, "y": 113.50407656, "z": -19.02796616}, "pinhole3": {"error": -0.0009978488500242966, "x": 394.84604235999996, "y": 113.19408882, "z": -19.1237146}, "pinhole1": {"error": 0.0005653306549400217, "x": 394.46029058000005, "y": 114.32919093999999, "z": -19.123158059999998}, "pinhole2": {"error": -0.0002519561202343201, "x": 392.95408086, "y": 113.81642508, "z": -18.94754572}, "center": {"x": 394.04028345, "y": 113.71094534999999, "z": -19.055596135000002}, "petal_id": 11, "device_loc": 517}, "P021": {"pinhole4": {"error": 0.0010926995713740895, "x": 367.67342496, "y": 176.62729608, "z": -18.83515134}, "pinhole3": {"error": 3.6566499698298394e-05, "x": 368.65592364, "y": 176.46635384, "z": -18.93523534}, "pinhole1": {"error": 0.0011031558401316532, "x": 368.09846046, "y": 177.5293334, "z": -18.93368614}, "pinhole2": {"error": 0.0004843823092783861, "x": 366.68905752, "y": 176.78906883999997, "z": -18.75703264}, "center": {"x": 367.779216645, "y": 176.85301304, "z": -18.865276365}, "petal_id": 11, "device_loc": 534}, "P032": {"pinhole4": {"error": -0.0006825911566647469, "x": 356.93141022, "y": 202.45385678, "z": -19.37846404}, "pinhole3": {"error": -8.40418687811928e-05, "x": 356.44841158, "y": 203.33043408, "z": -19.404563}, "pinhole1": {"error": 0.00012390946629026178, "x": 355.95788722, "y": 202.2396269, "z": -19.30957896}, "pinhole2": {"error": -0.0004536899687694884, "x": 357.41423388, "y": 201.57953786000002, "z": -19.38217264}, "center": {"x": 356.687985725, "y": 202.400863905, "z": -19.368694660000003}, "petal_id": 11, "device_loc": 542}}