{"P065": {"pinhole4": {"error": 0.0008724823102796431, "x": 54.04506822, "y": 32.456843479999996, "z": -0.42860618000000006}, "pinhole2": {"error": 0.0018629608930065267, "x": 55.00533972000001, "y": 32.17691742, "z": -0.47402884000000006}, "pinhole1": {"error": 0.0037941346371839213, "x": 53.51494026, "y": 31.616493339999998, "z": -0.45498812000000005}, "pinhole3": {"error": 0.0022861681585572002, "x": 53.08554855999999, "y": 32.74059476, "z": -0.47090374000000007}, "center": {"x": 53.912724190000006, "y": 32.24771225, "z": -0.4571317200000001}, "petal_id": 6, "device_loc": 11}, "P084": {"pinhole4": {"error": 0.002067630153776756, "x": 153.0563908, "y": 41.547609460000004, "z": -2.72216096}, "pinhole1": {"error": 0.0005236368406063008, "x": 153.23085414000002, "y": 40.56260892, "z": -2.76579308}, "pinhole3": {"error": 0.00041657764573543865, "x": 152.16059646, "y": 41.105343620000006, "z": -2.73738512}, "pinhole2": {"error": 0.0007287302714675814, "x": 153.95404309999998, "y": 41.99056394, "z": -2.79234082}, "center": {"x": 153.100471125, "y": 41.301531485, "z": -2.754419995}, "petal_id": 6, "device_loc": 75}, "P112": {"pinhole4": {"error": 1.5005424397529499e-05, "x": 241.70324214000001, "y": 14.21132784, "z": -6.4998345}, "pinhole3": {"error": 0.0012763359802432372, "x": 242.4774708, "y": 14.847682120000002, "z": -6.57262906}, "pinhole2": {"error": 0.00040600335100182683, "x": 240.93499062, "y": 13.5752384, "z": -6.4971463}, "pinhole1": {"error": 0.00019594717105364534, "x": 241.31290926000003, "y": 15.1307322, "z": -6.510964059999999}, "center": {"x": 241.60715320500003, "y": 14.44124514, "z": -6.52014348}, "petal_id": 6, "device_loc": 150}, "P009": {"pinhole4": {"error": 0.001367715358258803, "x": 215.47592602, "y": 149.80279620000005, "z": -7.5832983}, "pinhole3": {"error": 0.0003886848171339441, "x": 214.58633700000001, "y": 150.26256347999998, "z": -7.611613180000001}, "pinhole1": {"error": 0.0011872119348225185, "x": 214.78604572, "y": 149.07909046, "z": -7.56091502}, "pinhole2": {"error": 0.0013819097697591598, "x": 216.36325748, "y": 149.34385452, "z": -7.6741196799999996}, "center": {"x": 215.302891555, "y": 149.622076165, "z": -7.607486545}, "petal_id": 6, "device_loc": 239}, "P089": {"pinhole4": {"error": 0.003296378975691183, "x": 304.1256625, "y": 86.43413174000001, "z": -11.127428900000002}, "pinhole2": {"error": 0.005585145530675906, "x": 303.19292712, "y": 86.77161146, "z": -11.09763574}, "pinhole3": {"error": 0.0006197933754167329, "x": 305.06673782, "y": 86.09669402, "z": -11.203308640000001}, "pinhole1": {"error": 0.00028428958641346647, "x": 304.71062522, "y": 87.244117, "z": -11.21696194}, "center": {"x": 304.273988165, "y": 86.636638555, "z": -11.161333805}, "petal_id": 6, "device_loc": 321}, "P129": {"pinhole4": {"error": 0.000306531119135367, "x": 409.43483326, "y": 14.36088234, "z": -18.9575273}, "pinhole2": {"error": 0.0003798638135130705, "x": 408.58788968, "y": 13.83695286, "z": -18.86854114}, "pinhole3": {"error": 0.0017494376897484454, "x": 410.28069158, "y": 14.88467482, "z": -19.08478986}, "pinhole1": {"error": 0.0005187945990443588, "x": 409.17000715999995, "y": 15.325670259999999, "z": -18.95379802}, "center": {"x": 409.36835541999994, "y": 14.602045069999999, "z": -18.96616408}, "petal_id": 6, "device_loc": 439}, "P001": {"pinhole4": {"error": 0.0010494250446802522, "x": 404.26207601999994, "y": 59.34289937999999, "z": -18.848976999999998}, "pinhole3": {"error": 0.004898821687723154, "x": 403.50932928000003, "y": 59.99715964000001, "z": -18.78372896}, "pinhole2": {"error": 0.010012980517202452, "x": 405.00311511999996, "y": 58.69974116000001, "z": -18.94010088}, "pinhole1": {"error": 0.0014559865293416463, "x": 403.42366792, "y": 58.80105751999999, "z": -18.75960712}, "center": {"x": 404.04954708500003, "y": 59.210214425000004, "z": -18.83310349}, "petal_id": 6, "device_loc": 482}, "P064": {"pinhole4": {"error": 0.0007435116355116456, "x": 330.76609902, "y": 185.72633258000002, "z": -16.141483360000002}, "pinhole2": {"error": 0.0015195943582255733, "x": 331.76270242, "y": 185.73095184, "z": -16.254430019999997}, "pinhole3": {"error": 0.0003009131436705337, "x": 329.76873914, "y": 185.72232478, "z": -16.0736807}, "pinhole1": {"error": 0.00014036643646697655, "x": 330.49488180000003, "y": 184.76657854, "z": -16.08465306}, "center": {"x": 330.698105595, "y": 185.48654693499998, "z": -16.138561785}, "petal_id": 6, "device_loc": 496}, "P120": {"pinhole4": {"error": 0.003770561859108623, "x": 393.88486962, "y": 113.38834532000001, "z": -18.94001886}, "pinhole1": {"error": 0.0026382833773906933, "x": 394.39152092, "y": 114.24577842, "z": -19.0811134}, "pinhole2": {"error": 0.002696365882566276, "x": 392.92125248, "y": 113.63998886000002, "z": -18.85067294}, "pinhole3": {"error": 0.001611608695330613, "x": 394.84869046000006, "y": 113.13737739999999, "z": -19.0809861}, "center": {"x": 394.01158337000004, "y": 113.6028725, "z": -18.988197825}, "petal_id": 6, "device_loc": 517}, "P110": {"pinhole4": {"error": 0.002329373276656166, "x": 367.7517362, "y": 176.78596011999997, "z": -18.79540398}, "pinhole2": {"error": 0.0029150458712237093, "x": 368.24647964, "y": 177.65058174, "z": -18.945511200000002}, "pinhole1": {"error": 0.001226620174425208, "x": 368.44358778000003, "y": 176.06350709999998, "z": -18.86673934}, "pinhole3": {"error": 0.0025970990232289104, "x": 367.2575164, "y": 175.92145808, "z": -18.70652368}, "center": {"x": 367.924830005, "y": 176.60537675999998, "z": -18.82854455}, "petal_id": 6, "device_loc": 534}, "P111": {"pinhole4": {"error": 0.002758861990339645, "x": 295.44027746, "y": 207.57454552, "z": -14.633960480000002}, "pinhole2": {"error": 0.0017169584132374904, "x": 295.23729948, "y": 208.55457463999997, "z": -14.709192060000001}, "pinhole3": {"error": 0.0003327976044542602, "x": 295.64311041999997, "y": 206.5962053, "z": -14.60677958}, "pinhole1": {"error": 0.0028038422007237163, "x": 296.43610604, "y": 207.49014954000003, "z": -14.74072086}, "center": {"x": 295.68919834999997, "y": 207.55386875000002, "z": -14.672663245000003}, "petal_id": 6, "device_loc": 541}, "P075": {"pinhole4": {"error": 0.0004808211645309646, "x": 357.13787728, "y": 202.73157742, "z": -19.31772016}, "pinhole2": {"error": 0.002987265934411898, "x": 357.80812004, "y": 203.46880646, "z": -19.45213058}, "pinhole1": {"error": 0.0007142392572032641, "x": 357.66006511999996, "y": 201.87774649999997, "z": -19.324112}, "pinhole3": {"error": 0.0012853965063054362, "x": 356.46890554000004, "y": 201.99494638000002, "z": -19.219751}, "center": {"x": 357.268741995, "y": 202.51826918999998, "z": -19.328428435}, "petal_id": 6, "device_loc": 542}}