{"P003": {"pinhole4": {"error": 0.0033165275532814897, "x": 54.19450668, "y": 32.42347462, "z": -0.45377330000000005}, "pinhole1": {"error": 0.004212243306247254, "x": 55.15504417999999, "y": 32.722069160000004, "z": -0.4967896400000001}, "pinhole3": {"error": 0.0023766295617780875, "x": 54.74573406, "y": 31.592855919999998, "z": -0.48445032}, "pinhole2": {"error": 0.00029452590729106554, "x": 53.64382524, "y": 33.258864179999996, "z": -0.48494302000000006}, "center": {"x": 54.43477754, "y": 32.49931597, "z": -0.4799890700000001}, "petal_id": 7, "device_loc": 11}, "P025": {"pinhole4": {"error": 0.0007576343457654233, "x": 153.07025136, "y": 41.470900179999994, "z": -2.7718136600000003}, "pinhole1": {"error": 0.0027409649113586676, "x": 153.87255762, "y": 42.06909245999999, "z": -2.8166664}, "pinhole3": {"error": 0.002142004325890845, "x": 153.86908368, "y": 40.86984866, "z": -2.79892234}, "pinhole2": {"error": 0.0014155293324709106, "x": 152.26970844, "y": 42.06373464, "z": -2.77002302}, "center": {"x": 153.270400275, "y": 41.618393985, "z": -2.789356355}, "petal_id": 7, "device_loc": 75}, "P027": {"pinhole4": {"error": 0.0006872986911167223, "x": 241.59976148, "y": 14.286058, "z": -6.510592679999999}, "pinhole3": {"error": 0.00024948339820718424, "x": 241.36652034, "y": 15.259025260000001, "z": -6.52356458}, "pinhole2": {"error": 0.0005281841255286857, "x": 241.83440226, "y": 13.314603639999998, "z": -6.533055800000001}, "pinhole1": {"error": 0.00012480875476927888, "x": 240.60231349999998, "y": 14.333455760000001, "z": -6.477307140000001}, "center": {"x": 241.35074939499998, "y": 14.298285665, "z": -6.51113005}, "petal_id": 7, "device_loc": 150}, "P118": {"pinhole4": {"error": 0.0013390967283671007, "x": 215.523651475, "y": 149.80108654999998, "z": -7.66907844}, "pinhole3": {"error": 0.008526661273665193, "x": 215.56215505, "y": 150.810665625, "z": -7.72162616}, "pinhole1": {"error": 0.00225099557629016, "x": 214.57822427500003, "y": 150.11420457500003, "z": -7.651181599999999}, "pinhole2": {"error": 0.0016468204262667374, "x": 215.490354625, "y": 148.802482475, "z": -7.65070904}, "center": {"x": 215.28859635625003, "y": 149.88210980625, "z": -7.67314881}, "petal_id": 7, "device_loc": 239}, "P016": {"pinhole4": {"error": 0.0017652571562317698, "x": 304.1636103, "y": 86.4903053, "z": -11.1435992}, "pinhole2": {"error": 0.0038302413154334136, "x": 304.5870869, "y": 87.3911167, "z": -11.2190164}, "pinhole1": {"error": 0.001069972466645197, "x": 304.9157298, "y": 85.8327523, "z": -11.193551}, "pinhole3": {"error": 0.00017385485810816892, "x": 303.7414127, "y": 85.5854241, "z": -11.1121338}, "center": {"x": 304.351959925, "y": 86.3248996, "z": -11.1670751}, "petal_id": 7, "device_loc": 321}, "P119": {"pinhole4": {"error": 0.004716196788966259, "x": 409.45617955999995, "y": 14.242551760000001, "z": -19.00819926}, "pinhole2": {"error": 0.00010762042580858555, "x": 409.02087466, "y": 15.145300260000003, "z": -18.97412972}, "pinhole1": {"error": 0.0028301925059884825, "x": 410.42789492, "y": 14.402903259999999, "z": -19.12965696}, "pinhole3": {"error": 0.0016587178529979818, "x": 409.87809894000003, "y": 13.341640660000001, "z": -19.05469532}, "center": {"x": 409.69576201999996, "y": 14.283098985, "z": -19.041670315}, "petal_id": 7, "device_loc": 439}, "P068": {"pinhole4": {"error": 0.001027941311668057, "x": 404.1514613, "y": 59.29085836, "z": -18.88720128}, "pinhole3": {"error": 0.00019813041938954168, "x": 403.98205984000003, "y": 60.27292572, "z": -18.89221776}, "pinhole2": {"error": 0.0002579777938296335, "x": 404.32065412000003, "y": 58.30235106, "z": -18.897206400000005}, "pinhole1": {"error": 0.005086840854286678, "x": 403.15625628000004, "y": 59.39662644, "z": -18.785427140000003}, "center": {"x": 403.902607885, "y": 59.315690395000004, "z": -18.865513145}, "petal_id": 7, "device_loc": 482}, "P015": {"pinhole4": {"error": 0.0012648912955891822, "x": 393.99095108, "y": 113.42060302, "z": -18.990305640000003}, "pinhole3": {"error": 0.0017286971737549006, "x": 393.66338751999996, "y": 114.36771526, "z": -19.00681344}, "pinhole1": {"error": 0.0007959415623356447, "x": 392.99818300000004, "y": 113.37372054, "z": -18.88721356}, "pinhole2": {"error": 0.0018331628946508527, "x": 394.31960262, "y": 112.47459058, "z": -19.01070084}, "center": {"x": 393.743031055, "y": 113.40915735, "z": -18.97375837}, "petal_id": 7, "device_loc": 517}, "P005": {"pinhole4": {"error": 0.0032609617390087497, "x": 367.8579176, "y": 176.6585951, "z": -18.822417100000003}, "pinhole2": {"error": 0.0018696379936693486, "x": 368.8513825, "y": 176.5471851, "z": -18.9476863}, "pinhole1": {"error": 0.0034991654631473246, "x": 367.4865613, "y": 175.7408753, "z": -18.7480938}, "pinhole3": {"error": 0.00026181508589873115, "x": 366.8722373, "y": 176.7706381, "z": -18.7423187}, "center": {"x": 367.767024675, "y": 176.42932340000002, "z": -18.815128975}, "petal_id": 7, "device_loc": 534}, "P090": {"pinhole4": {"error": 0.005507638709695201, "x": 295.5539562, "y": 207.76602659999998, "z": -14.703563919999999}, "pinhole3": {"error": 0.0001356449539599014, "x": 294.5894384, "y": 208.02252542000002, "z": -14.64763898}, "pinhole1": {"error": 0.0015221568530511265, "x": 295.05106573999996, "y": 206.91491007999997, "z": -14.613645120000001}, "pinhole2": {"error": 0.0001363035705095328, "x": 296.52010244, "y": 207.52266214000002, "z": -14.795125780000001}, "center": {"x": 295.428640695, "y": 207.55653106, "z": -14.68999345}, "petal_id": 7, "device_loc": 541}, "P122": {"pinhole4": {"error": 0.00010179617581976275, "x": 357.05768909999995, "y": 202.69956342, "z": -19.3071372}, "pinhole2": {"error": 7.5778884370159e-05, "x": 357.49606754000007, "y": 203.59328463999998, "z": -19.426255140000002}, "pinhole1": {"error": 0.0006901854712103583, "x": 357.79448422, "y": 202.02575291999997, "z": -19.336570039999998}, "pinhole3": {"error": 0.0001618922551382962, "x": 356.61852694, "y": 201.80658061999998, "z": -19.225272179999997}, "center": {"x": 357.24169195, "y": 202.53129539999998, "z": -19.32380864}, "petal_id": 7, "device_loc": 542}}