{"P091": {"pinhole4": {"error": 0.00327561842629992, "x": 54.18405829999999, "y": 32.40144602, "z": -0.4771550199999998}, "pinhole1": {"error": 0.004115629027236611, "x": 55.190102659999994, "y": 32.43442076, "z": -0.5039267799999998}, "pinhole2": {"error": 0.0002582599654996631, "x": 53.87446776, "y": 33.35190174, "z": -0.5062099799999997}, "pinhole3": {"error": 0.00014004359379626852, "x": 54.49753138000001, "y": 31.45109476, "z": -0.49433545999999984}, "center": {"x": 54.436540025, "y": 32.40971582, "z": -0.4954068099999998}, "petal_id": 5, "device_loc": 11}, "P133": {"pinhole4": {"error": 0.0021860869065039035, "x": 153.20042614, "y": 41.40807272, "z": -2.7401853199999997}, "pinhole1": {"error": 0.0012426071184258314, "x": 153.7934288, "y": 42.214139540000005, "z": -2.80626052}, "pinhole2": {"error": 9.363228073011598e-05, "x": 152.26183616, "y": 41.753337720000005, "z": -2.73159054}, "pinhole3": {"error": 0.00012358112438426438, "x": 154.1385673, "y": 41.06445824000001, "z": -2.8011861399999995}, "center": {"x": 153.3485646, "y": 41.610002055, "z": -2.7698056299999996}, "petal_id": 5, "device_loc": 75}, "P106": {"pinhole4": {"error": 0.001444459049130098, "x": 241.61984647999998, "y": 14.336491139999998, "z": -6.46941762}, "pinhole1": {"error": 0.0006501061187026425, "x": 242.61342071999997, "y": 14.419577559999999, "z": -6.5480858600000005}, "pinhole3": {"error": 8.944379791842039e-05, "x": 241.9788167, "y": 13.403060120000001, "z": -6.4990077799999995}, "pinhole2": {"error": 0.00037459061627687085, "x": 241.26030224000002, "y": 15.269902059999998, "z": -6.497686159999999}, "center": {"x": 241.86809653499998, "y": 14.35725772, "z": -6.5035493550000005}, "petal_id": 5, "device_loc": 150}, "P115": {"pinhole4": {"error": 0.0001768702887097462, "x": 215.52112763999997, "y": 149.92599912, "z": -7.6007844}, "pinhole3": {"error": 0.000954343348199993, "x": 214.70044711999998, "y": 150.4950532, "z": -7.6299562199999995}, "pinhole1": {"error": 5.299076875076025e-06, "x": 214.74540486, "y": 149.29780522000001, "z": -7.57648508}, "pinhole2": {"error": 0.0004635812370572534, "x": 216.34359876, "y": 149.35605188, "z": -7.658072899999999}, "center": {"x": 215.32764459499998, "y": 149.768727355, "z": -7.616324649999999}, "petal_id": 5, "device_loc": 239}, "P099": {"pinhole4": {"error": 0.0025945196049221853, "x": 304.0916631, "y": 86.50421589999999, "z": -11.103370799999999}, "pinhole2": {"error": 0.00026250978998287877, "x": 303.12125782, "y": 86.74206712, "z": -11.071596719999999}, "pinhole3": {"error": 0.00020940415762182862, "x": 305.06182249999995, "y": 86.26721763999998, "z": -11.184537520000001}, "pinhole1": {"error": 0.002087856209472827, "x": 304.59009828, "y": 87.37139515999999, "z": -11.192511}, "center": {"x": 304.216210425, "y": 86.721223955, "z": -11.13800401}, "petal_id": 5, "device_loc": 321}, "P130": {"pinhole4": {"error": 0.002668997490910069, "x": 409.55058282, "y": 14.289737860000002, "z": -18.979570220000003}, "pinhole1": {"error": 0.0012160034414095966, "x": 408.6166467, "y": 13.958181020000001, "z": -18.88355434}, "pinhole2": {"error": 0.000501384516920611, "x": 410.13183468000005, "y": 13.47756952, "z": -19.06289358}, "pinhole3": {"error": 0.00014664535208186447, "x": 408.97205194, "y": 15.103330500000002, "z": -18.941146540000002}, "center": {"x": 409.317779035, "y": 14.207204725, "z": -18.96679117}, "petal_id": 5, "device_loc": 439}, "P054": {"pinhole4": {"error": 0.0033292955394612633, "x": 404.1685203333334, "y": 59.38752736, "z": -18.83338018}, "pinhole2": {"error": 0.0008468938382755198, "x": 403.2005535333333, "y": 59.59603554, "z": -18.73390506}, "pinhole3": {"error": 0.0019242908037513384, "x": 405.14284419999996, "y": 59.1790081, "z": -18.9810363}, "pinhole1": {"error": 0.0011405725963374858, "x": 404.6390007333334, "y": 60.26775302000001, "z": -18.94223432}, "center": {"x": 404.2877297, "y": 59.60758100500001, "z": -18.872638965}, "petal_id": 5, "device_loc": 482}, "P046": {"pinhole4": {"error": 0.0033478887966543747, "x": 330.87382106, "y": 185.45772452, "z": -16.11124632}, "pinhole3": {"error": 0.0013291771616662507, "x": 331.83942655999994, "y": 185.19726038000002, "z": -16.2004359}, "pinhole2": {"error": 0.00042143508142467034, "x": 329.91072774, "y": 185.71856112, "z": -16.066136639999996}, "pinhole1": {"error": 0.002376070898855276, "x": 331.39006842, "y": 186.31106472000002, "z": -16.23753566}, "center": {"x": 331.003510945, "y": 185.671152685, "z": -16.153838629999996}, "petal_id": 5, "device_loc": 496}, "P108": {"pinhole4": {"error": 0.0012602184267984373, "x": 393.90300826, "y": 113.54003402000001, "z": -18.96878312}, "pinhole3": {"error": 0.00046248646193758347, "x": 394.08756894, "y": 114.51635698, "z": -19.07488702}, "pinhole1": {"error": 0.0004300087434055966, "x": 393.01682223999995, "y": 113.99565691999999, "z": -18.911868079999998}, "pinhole2": {"error": 0.0005964781589709034, "x": 393.71698147999996, "y": 112.55710498, "z": -18.93962604}, "center": {"x": 393.68109523, "y": 113.652288225, "z": -18.973791065}, "petal_id": 5, "device_loc": 517}, "P012": {"pinhole4": {"error": 0.0024135964767975637, "x": 367.85359619999997, "y": 176.58450192, "z": -18.81459616}, "pinhole1": {"error": 0.001959023435017415, "x": 368.83920617999996, "y": 176.71373739999999, "z": -18.956218659999998}, "pinhole3": {"error": 8.603277548113741e-05, "x": 368.25681436, "y": 175.66985368, "z": -18.824485560000003}, "pinhole2": {"error": 0.00023855632806424332, "x": 367.45040804, "y": 177.50049116, "z": -18.838770320000002}, "center": {"x": 368.10000619499993, "y": 176.61714604, "z": -18.858517675}, "petal_id": 5, "device_loc": 533}, "P048": {"pinhole4": {"error": 0.0018006205640045403, "x": 373.0110301, "y": 167.61672474, "z": -18.86667016}, "pinhole3": {"error": 0.005583424968179429, "x": 373.53372134, "y": 168.46361616, "z": -19.041234600000003}, "pinhole1": {"error": 0.00013245271491635346, "x": 372.34573612, "y": 168.36285182, "z": -18.868007679999998}, "pinhole2": {"error": 0.00131601332566178, "x": 372.48538252, "y": 166.76945505999998, "z": -18.799198119999996}, "center": {"x": 372.84396752000004, "y": 167.803161945, "z": -18.89377764}, "petal_id": 5, "device_loc": 534}, "P135": {"pinhole4": {"error": 0.005206713944616026, "x": 295.47017842, "y": 207.68842934, "z": -14.623454079999998}, "pinhole1": {"error": 0.0024541014082400947, "x": 295.31034888000005, "y": 208.67559264000002, "z": -14.73323782}, "pinhole2": {"error": 0.002454833838478665, "x": 294.57236266, "y": 207.26141189999998, "z": -14.542744660000002}, "pinhole3": {"error": 0.004393668125497241, "x": 296.37054576, "y": 208.11546638, "z": -14.801312200000002}, "center": {"x": 295.43085893, "y": 207.935225065, "z": -14.675187189999999}, "petal_id": 5, "device_loc": 541}, "P128": {"pinhole4": {"error": 0.0007097674154592781, "x": 357.07949724, "y": 202.57663743999996, "z": -19.239384620000003}, "pinhole3": {"error": 0.001158692564775743, "x": 356.0923243, "y": 202.73672144, "z": -19.1894516}, "pinhole1": {"error": 0.001510486608767847, "x": 356.65358954000004, "y": 201.67827582, "z": -19.171984979999998}, "pinhole2": {"error": 0.003535692896495801, "x": 358.06298692, "y": 202.41519426, "z": -19.373569879999998}, "center": {"x": 356.9720995, "y": 202.35170724, "z": -19.24359777}, "petal_id": 5, "device_loc": 542}}