{"P018": {"pinhole4": {"error": -0.05083325862500404, "x": 54.22187726, "y": 25.92556654, "z": -0.5597942400000001}, "pinhole1": {"error": -0.15159573114588776, "x": 54.232355580000004, "y": 25.128268800000004, "z": -0.5618711000000002}, "pinhole2": {"error": -0.04954948189006747, "x": 55.179647720000006, "y": 26.15555734, "z": -0.5812264600000001}, "pinhole3": {"error": 0.0006529843593341411, "x": 53.26346229999999, "y": 25.696632360000002, "z": -0.5604021400000001}, "center": {"x": 54.224335715, "y": 25.72650626, "z": -0.5658234850000001}, "petal_id": 2, "device_loc": 11}, "P125": {"pinhole4": {"error": 0.0003430185803010577, "x": 153.12820471999999, "y": 41.43879472, "z": -2.8185829}, "pinhole1": {"error": 0.0005106324569513765, "x": 152.97576762, "y": 42.42772696000001, "z": -2.83369686}, "pinhole3": {"error": -0.00029613185512866735, "x": 154.03384452, "y": 41.862223359999994, "z": -2.8542633000000004}, "pinhole2": {"error": -0.00029380440564885646, "x": 152.22281458, "y": 41.01577726000001, "z": -2.79579946}, "center": {"x": 153.09015786, "y": 41.68613057500001, "z": -2.82558563}, "petal_id": 2, "device_loc": 75}, "P014": {"pinhole4": {"error": 0.0006118421729636725, "x": 241.49481275999997, "y": 14.344762840000001, "z": -6.55489406}, "pinhole3": {"error": -0.0011304103919319575, "x": 241.1379978, "y": 13.412086819999999, "z": -6.55207896}, "pinhole2": {"error": -0.00016772539098797168, "x": 241.85240685999997, "y": 15.27889998, "z": -6.601672860000001}, "pinhole1": {"error": -0.0005731695167430217, "x": 242.28938306, "y": 13.740159260000002, "z": -6.603337979999999}, "center": {"x": 241.69365011999997, "y": 14.193977225000001, "z": -6.5779959649999995}, "petal_id": 2, "device_loc": 150}, "P082": {"pinhole4": {"error": -0.0008611156551758814, "x": 215.37048768, "y": 149.59432334000002, "z": -7.69103082}, "pinhole1": {"error": -7.074069182466669e-05, "x": 215.68704474, "y": 148.64691986, "z": -7.6800866}, "pinhole2": {"error": 0.0002974073471921912, "x": 216.19156748, "y": 150.1644344, "z": -7.743556260000001}, "pinhole3": {"error": 0.00012657270077998106, "x": 214.54862054, "y": 149.02641096, "z": -7.648893660000001}, "center": {"x": 215.44943011, "y": 149.35802214, "z": -7.690891835}, "petal_id": 2, "device_loc": 239}, "P124": {"pinhole4": {"error": -0.0008627328304331439, "x": 304.13602596, "y": 86.41631964000001, "z": -11.208076539999999}, "pinhole1": {"error": 0.0006201098502369717, "x": 303.26570388, "y": 85.92723812, "z": -11.15728072}, "pinhole3": {"error": -0.0018715052542042088, "x": 303.42519852000004, "y": 87.11585402, "z": -11.18873912}, "pinhole2": {"error": -0.0011672076811861665, "x": 304.84953690000003, "y": 85.7169636, "z": -11.2423347}, "center": {"x": 303.919116315, "y": 86.29409384499999, "z": -11.19910777}, "petal_id": 2, "device_loc": 321}, "P104": {"pinhole4": {"error": 0.0006233925686686126, "x": 409.26117540000007, "y": 14.22376152, "z": -19.0125623}, "pinhole3": {"error": 2.551187313359904e-05, "x": 409.04699316, "y": 13.247881660000001, "z": -18.992322159999997}, "pinhole2": {"error": 3.2518654782265344e-06, "x": 409.47560276, "y": 15.20116586, "z": -19.052612779999997}, "pinhole1": {"error": 0.00031272059929376983, "x": 410.13359812, "y": 13.744424259999999, "z": -19.115793200000002}, "center": {"x": 409.47934236000003, "y": 14.104308325000002, "z": -19.04332261}, "petal_id": 2, "device_loc": 439}, "P010": {"pinhole4": {"error": 7.512697208844621e-05, "x": 404.01309951999997, "y": 59.38054027999999, "z": -18.90384376}, "pinhole1": {"error": 4.069108891513462e-05, "x": 403.37901328000004, "y": 60.15220935999999, "z": -18.854497459999997}, "pinhole3": {"error": -0.00023243136249639917, "x": 404.5705995, "y": 60.20747496, "z": -18.98321484}, "pinhole2": {"error": -0.0005702312857363001, "x": 403.45499185999995, "y": 58.554242179999996, "z": -18.837642999999996}, "center": {"x": 403.85442604, "y": 59.57361669499999, "z": -18.894799765}, "petal_id": 2, "device_loc": 482}, "P066": {"pinhole4": {"error": 0.0009285315432099872, "x": 330.74661466000003, "y": 185.63357786, "z": -16.194731960000002}, "pinhole2": {"error": 0.00038488686133519856, "x": 331.0350672, "y": 186.58691352, "z": -16.270705239999998}, "pinhole1": {"error": -0.0009686047599472003, "x": 331.5806874, "y": 185.08428672, "z": -16.24210288}, "pinhole3": {"error": 0.0035706442415012196, "x": 330.45666498, "y": 184.67225888000002, "z": -16.132257239999998}, "center": {"x": 330.95475856, "y": 185.49425924500002, "z": -16.20994933}, "petal_id": 2, "device_loc": 496}, "P023": {"pinhole4": {"error": 0.001374154429141794, "x": 394.12814027999997, "y": 113.3684358, "z": -19.00939028}, "pinhole2": {"error": 0.0020994577948860726, "x": 393.55701672, "y": 112.55157466, "z": -18.930814140000003}, "pinhole1": {"error": -0.0020430453033303264, "x": 393.50695938, "y": 114.15030236, "z": -18.977943020000005}, "pinhole3": {"error": 0.004903882037421092, "x": 394.69849889999995, "y": 114.19349465999998, "z": -19.117121559999998}, "center": {"x": 393.97265381999995, "y": 113.56595187, "z": -19.00881725}, "petal_id": 2, "device_loc": 517}, "P096": {"pinhole4": {"error": 0.0008679059690113178, "x": 367.79640645999996, "y": 176.77628424, "z": -18.86660966}, "pinhole2": {"error": 0.0015506744002591333, "x": 366.8395605, "y": 177.0553975, "z": -18.79388222}, "pinhole3": {"error": -0.0019389273823309239, "x": 368.75241302000006, "y": 176.495352, "z": -18.95925964}, "pinhole1": {"error": 0.0024599996593663853, "x": 368.33507238, "y": 177.61602286, "z": -18.97154148}, "center": {"x": 367.93086309, "y": 176.98576415000002, "z": -18.897823250000002}, "petal_id": 2, "device_loc": 534}, "P053": {"pinhole4": {"error": -0.0008842331127493497, "x": 295.40625208, "y": 207.3945319, "z": -14.69626898}, "pinhole2": {"error": -0.0007758819425451868, "x": 296.391859, "y": 207.51941539999999, "z": -14.800023479999998}, "pinhole3": {"error": -0.000351867615485002, "x": 294.41667226000004, "y": 207.27313734, "z": -14.6189396}, "pinhole1": {"error": 0.0016799081675421546, "x": 295.25112502, "y": 206.40801732, "z": -14.633976900000002}, "center": {"x": 295.36647709, "y": 207.14877549, "z": -14.68730224}, "petal_id": 2, "device_loc": 541}, "P050": {"pinhole4": {"error": -0.0009383331314589405, "x": 357.13079063999993, "y": 202.52131621999996, "z": -19.264578179999997}, "pinhole2": {"error": 0.0017796674548946623, "x": 357.87425468000004, "y": 203.18612281999998, "z": -19.36943668}, "pinhole1": {"error": 0.00010786242192317719, "x": 357.55953478000004, "y": 201.61904737999998, "z": -19.254445540000003}, "pinhole3": {"error": 0.00013785241481922839, "x": 356.38670768, "y": 201.85926270000002, "z": -19.179212659999997}, "center": {"x": 357.237821945, "y": 202.29643728, "z": -19.266918265}, "petal_id": 2, "device_loc": 542}}